timestamp,transmission,reflection,volt_piezo,total_intensity
-0.002786703,0.00178112,0.0055984,1.100032426131097,0.422793
-0.002781703,0.00114114,0.00879828,1.100085397111096,0.422793
-0.002776703,0.00210111,0.0279975,1.100138368091095,0.422793
-0.002771703,0.00210111,0.0215978,1.1001913390710942,0.429193
-0.002766703,0.00114114,-0.00720111,1.1002443100510932,0.416394
-0.002761703,0.00178112,-0.00400123,1.1002972810310925,0.416394
-0.002756703,0.00210111,-0.000801352,1.1003502520110915,0.422793
-0.002751703,0.00178112,-0.00720111,1.1004032229910905,0.416394
-0.002746703,0.00146113,-0.00720111,1.1004561939710895,0.422793
-0.002741703,0.00178112,-0.00400123,1.1005091649510887,0.416394
-0.002736703,0.00178112,-0.00400123,1.100562135931088,0.422793
-0.002731703,0.00178112,-0.010401,1.100615106911087,0.429193
-0.002726703,0.00210111,-0.0391999,1.1006680778910862,0.429193
-0.002721703,0.00146113,0.015198,1.1007210488710852,0.416394
-0.002716703,0.00242109,-0.0487995,1.1007740198510845,0.422793
-0.002711703,0.00178112,-0.036,1.1008269908310837,0.429193
-0.002706703,0.00178112,-0.000801352,1.1008799618110825,0.422793
-0.002701703,0.000501167,-0.0200006,1.1009329327910815,0.422793
-0.002696703,0.00210111,0.0055984,1.1009859037710807,0.429193
-0.002691703,0.00146113,0.0055984,1.1010388747510798,0.422793
-0.002686703,0.00146113,-0.0232005,1.101091845731079,0.422793
-0.002681703,0.00178112,-0.000801352,1.101144816711078,0.416394
-0.002676703,0.000501167,-0.00720111,1.1011977876910772,0.416394
-0.002671703,0.00274108,-0.0136009,1.1012507586710762,0.416394
-0.002666703,0.00146113,-0.0168007,1.1013037296510757,0.435593
-0.002661703,0.00242109,0.0055984,1.1013567006310745,0.416394
-0.002656703,0.00114114,-0.000801352,1.1014096716110735,0.422793
-0.002651703,0.00274108,-0.0200006,1.1014626425910727,0.416394
-0.002646703,0.00210111,-0.010401,1.1015156135710715,0.416394
-0.002641703,0.00178112,-0.0264004,1.101568584551071,0.435593
-0.002636703,0.00210111,-0.036,1.10162155553107,0.422793
-0.002631703,0.00146113,0.00239853,1.101674526511069,0.422793
-0.002626703,0.00178112,-0.0136009,1.1017274974910682,0.429193
-0.002621703,0.00210111,-0.0136009,1.1017804684710673,0.429193
-0.002616703,0.00146113,-0.0296002,1.1018334394510665,0.422793
-0.002611703,0.00146113,-0.0136009,1.1018864104310655,0.422793
-0.002606703,0.00242109,-0.010401,1.1019393814110647,0.429193
-0.002601703,0.00146113,0.0055984,1.1019923523910635,0.422793
-0.002596703,0.00306107,-0.0200006,1.1020453233710628,0.429193
-0.002591703,0.00242109,-0.010401,1.102098294351062,0.422793
-0.002586703,0.000821155,0.00239853,1.102151265331061,0.422793
-0.002581703,0.00178112,-0.0200006,1.1022042363110602,0.435593
-0.002576703,-0.000138808,-0.0232005,1.1022572072910592,0.422793
-0.002571703,0.00146113,-0.010401,1.1023101782710585,0.429193
-0.002566703,0.00178112,-0.0168007,1.1023631492510575,0.422793
-0.002561703,0.000501167,-0.0232005,1.1024161202310565,0.422793
-0.002556703,0.00146113,-0.00400123,1.1024690912110555,0.416394
-0.002551703,0.00242109,-0.010401,1.1025220621910548,0.422793
-0.002546703,0.00210111,0.00239853,1.102575033171054,0.429193
-0.002541703,0.00210111,-0.0168007,1.102628004151053,0.416394
-0.002536703,0.00146113,-0.00720111,1.102680975131052,0.422793
-0.002531703,0.00338106,-0.0264004,1.1027339461110512,0.429193
-0.002526703,0.00114114,-0.0136009,1.1027869170910505,0.422793
-0.002521703,0.00306107,-0.000801352,1.1028398880710495,0.422793
-0.002516703,0.00178112,-0.0200006,1.1028928590510485,0.422793
-0.002511703,0.00210111,-0.00400123,1.1029458300310475,0.429193
-0.002506703,0.00242109,-0.0232005,1.1029988010110467,0.429193
-0.002501703,0.00178112,0.00239853,1.1030517719910458,0.422793
-0.002496703,0.00178112,-0.00720111,1.103104742971045,0.422793
-0.002491703,0.00210111,-0.0296002,1.103157713951044,0.422793
-0.002486703,0.00210111,-0.0328001,1.1032106849310432,0.429193
-0.002481703,0.00210111,-0.0487995,1.1032636559110425,0.422793
-0.002476703,0.00146113,-0.0296002,1.1033166268910413,0.429193
-0.002471703,0.00210111,-0.0328001,1.1033695978710405,0.422793
-0.002466703,0.00178112,-0.036,1.1034225688510395,0.422793
-0.002461703,0.00210111,-0.0264004,1.1034755398310387,0.435593
-0.002456703,0.00338106,0.015198,1.1035285108110378,0.435593
-0.002451703,0.00146113,-0.0296002,1.1035814817910368,0.422793
-0.002446703,0.00274108,-0.0519994,1.103634452771036,0.429193
-0.002441703,0.00146113,-0.0200006,1.103687423751035,0.429193
-0.002436703,0.00178112,-0.0200006,1.1037403947310342,0.422793
-0.002431703,0.00210111,-0.0136009,1.1037933657110333,0.429193
-0.002426703,0.00114114,-0.0328001,1.1038463366910325,0.416394
-0.002421703,0.00402103,-0.0232005,1.1038993076710315,0.422793
-0.002416703,0.00146113,-0.0391999,1.1039522786510303,0.429193
-0.002411703,0.00306107,-0.0423998,1.1040052496310298,0.416394
-0.002406703,0.00210111,-0.0296002,1.1040582206110288,0.429193
-0.002401703,0.00242109,-0.0328001,1.104111191591028,0.422793
-0.002396703,0.00338106,-0.0328001,1.104164162571027,0.429193
-0.002391703,0.00114114,-0.0775984,1.104217133551026,0.416394
-0.002386703,0.00306107,-0.010401,1.1042701045310253,0.422793
-0.002381703,0.00242109,-0.087198,1.1043230755110245,0.422793
-0.002376703,0.00338106,-0.0391999,1.1043760464910235,0.422793
-0.002371703,0.00178112,-0.0264004,1.1044290174710223,0.422793
-0.002366703,0.00274108,-0.0551993,1.1044819884510215,0.422793
-0.002361703,0.00242109,-0.0775984,1.1045349594310208,0.429193
-0.002356703,0.00242109,-0.0423998,1.1045879304110198,0.422793
-0.002351703,0.00370104,-0.0839982,1.104640901391019,0.441993
-0.002346703,0.00210111,-0.0328001,1.104693872371018,0.429193
-0.002341703,0.00274108,-0.0519994,1.1047468433510172,0.422793
-0.002336703,0.00306107,-0.0807983,1.1047998143310165,0.416394
-0.002331703,0.00274108,-0.0583991,1.1048527853110153,0.422793
-0.002326703,0.00242109,-0.0551993,1.1049057562910145,0.429193
-0.002321703,0.00338106,-0.0647989,1.1049587272710135,0.416394
-0.002316703,0.00146113,-0.00720111,1.1050116982510128,0.422793
-0.002311703,0.00306107,-0.0391999,1.1050646692310118,0.429193
-0.002306703,0.00306107,-0.0935978,1.105117640211011,0.416394
-0.002301703,0.00274108,-0.0583991,1.10517061119101,0.435593
-0.002296703,0.00242109,-0.0583991,1.105223582171009,0.422793
-0.002291703,0.00402103,-0.0679988,1.1052765531510085,0.429193
-0.002286703,0.000821155,-0.036,1.1053295241310073,0.416394
-0.002281703,0.00274108,-0.0455996,1.1053824951110065,0.422793
-0.002276703,0.00402103,-0.0328001,1.1054354660910055,0.422793
-0.002271703,0.00178112,-0.0647989,1.1054884370710043,0.416394
-0.002266703,0.00338106,-0.0775984,1.1055414080510038,0.422793
-0.002261703,0.00242109,-0.0168007,1.1055943790310028,0.429193
-0.002256703,0.00370104,-0.0264004,1.105647350011002,0.422793
-0.002251703,0.00274108,-0.0807983,1.105700320991001,0.416394
-0.002246703,0.00338106,-0.0775984,1.1057532919710005,0.429193
-0.002241703,0.00338106,-0.0455996,1.1058062629509993,0.416394
-0.002236703,0.00274108,-0.0807983,1.1058592339309985,0.422793
-0.002231703,0.00466101,-0.0679988,1.1059122049109975,0.422793
-0.002226703,0.00210111,-0.0679988,1.1059651758909963,0.429193
-0.002221703,0.00466101,-0.0551993,1.1060181468709958,0.422793
-0.002216703,0.00274108,-0.0711986,1.1060711178509948,0.422793
-0.002211703,0.00434102,-0.0455996,1.1061240888309938,0.422793
-0.002206703,0.00338106,-0.0839982,1.106177059810993,0.422793
-0.002201703,0.00466101,-0.0519994,1.106230030790992,0.416394
-0.002196703,0.00370104,-0.0455996,1.1062830017709913,0.422793
-0.002191703,0.00402103,-0.0328001,1.1063359727509905,0.416394
-0.002186703,0.00306107,-0.0455996,1.1063889437309893,0.422793
-0.002181703,0.00466101,-0.0551993,1.1064419147109883,0.422793
-0.002176703,0.00402103,-0.0232005,1.1064948856909875,0.422793
-0.002171703,0.00338106,-0.115997,1.1065478566709868,0.422793
-0.002166703,0.00530098,-0.0328001,1.1066008276509858,0.416394
-0.002161703,0.00274108,-0.0775984,1.106653798630985,0.416394
-0.002156703,0.00626095,-0.0647989,1.106706769610984,0.409994
-0.002151703,0.00306107,-0.0519994,1.106759740590983,0.422793
-0.002146703,0.00466101,-0.0807983,1.1068127115709825,0.422793
-0.002141703,0.00402103,-0.087198,1.1068656825509813,0.422793
-0.002136703,0.004981,-0.0455996,1.1069186535309803,0.422793
-0.002131703,0.00530098,-0.0328001,1.1069716245109795,0.416394
-0.002126703,0.00466101,-0.0967977,1.1070245954909783,0.422793
-0.002121703,0.00530098,-0.036,1.1070775664709778,0.422793
-0.002116703,0.00338106,-0.0903979,1.1071305374509768,0.422793
-0.002111703,0.00690092,-0.087198,1.107183508430976,0.422793
-0.002106703,0.00370104,-0.087198,1.107236479410975,0.422793
-0.002101703,0.00626095,-0.0999975,1.1072894503909745,0.422793
-0.002096703,0.00530098,-0.0807983,1.1073424213709733,0.422793
-0.002091703,0.00530098,-0.0487995,1.1073953923509725,0.416394
-0.002086703,0.00466101,-0.0487995,1.1074483633309715,0.429193
-0.002081703,0.00530098,-0.0519994,1.1075013343109703,0.422793
-0.002076703,0.00562097,-0.0455996,1.1075543052909698,0.422793
-0.002071703,0.00594096,-0.0711986,1.1076072762709688,0.429193
-0.002066703,0.00690092,-0.0551993,1.1076602472509678,0.429193
-0.002061703,0.00594096,-0.0647989,1.107713218230967,0.416394
-0.002056703,0.00594096,-0.0967977,1.107766189210966,0.429193
-0.002051703,0.00530098,-0.0839982,1.1078191601909653,0.422793
-0.002046703,0.00626095,-0.103197,1.1078721311709645,0.422793
-0.002041703,0.00690092,-0.0423998,1.1079251021509635,0.429193
-0.002036703,0.00658093,-0.0647989,1.1079780731309623,0.422793
-0.002031703,0.00626095,-0.103197,1.1080310441109615,0.422793
-0.002026703,0.0075409,-0.131996,1.1080840150909608,0.429193
-0.002021703,0.00658093,-0.0679988,1.1081369860709598,0.422793
-0.002016703,0.00946082,-0.0679988,1.108189957050959,0.422793
-0.002011703,0.00690092,0.00239853,1.108242928030958,0.422793
-0.002006703,0.00562097,-0.0647989,1.1082958990109573,0.429193
-0.002001703,0.00978081,-0.0679988,1.1083488699909565,0.422793
-0.001996703,0.00434102,-0.0775984,1.1084018409709553,0.416394
-0.001991703,0.0126607,-0.115997,1.1084548119509543,0.429193
-0.001986703,0.00306107,-0.0296002,1.1085077829309535,0.422793
-0.001981703,0.0139407,-0.0743985,1.1085607539109528,0.416394
-0.001976703,0.00306107,-0.0391999,1.1086137248909518,0.429193
-0.001971703,0.00946082,-0.0423998,1.1086666958709508,0.429193
-0.001966703,0.0101008,-0.160795,1.10871966685095,0.422793
-0.001961703,0.0075409,-0.036,1.108772637830949,0.422793
-0.001956703,0.0113807,-0.0967977,1.1088256088109485,0.416394
-0.001951703,0.00850086,-0.0264004,1.1088785797909473,0.416394
-0.001946703,0.0113807,-0.0264004,1.1089315507709463,0.416394
-0.001941703,0.00850086,-0.0967977,1.1089845217509455,0.422793
-0.001936703,0.0113807,-0.0711986,1.1090374927309443,0.429193
-0.001931703,0.00914084,-0.0647989,1.1090904637109438,0.435593
-0.001926703,0.00882085,-0.103197,1.1091434346909428,0.422793
-0.001921703,0.0123407,-0.0232005,1.109196405670942,0.416394
-0.001916703,0.00946082,-0.061599,1.109249376650941,0.429193
-0.001911703,0.0113807,-0.0136009,1.10930234763094,0.416394
-0.001906703,0.00882085,-0.0232005,1.1093553186109393,0.422793
-0.001901703,0.0136207,-0.0583991,1.1094082895909383,0.422793
-0.001896703,0.00882085,-0.0264004,1.1094612605709375,0.422793
-0.001891703,0.0149006,-0.0423998,1.1095142315509363,0.422793
-0.001886703,0.0107408,0.0183979,1.1095672025309355,0.429193
-0.001881703,0.0113807,0.0535966,1.1096201735109348,0.416394
-0.001876703,0.0117007,0.0567964,1.1096731444909338,0.429193
-0.001871703,0.0110608,-0.0328001,1.109726115470933,0.441993
-0.001866703,0.0120207,-0.010401,1.109779086450932,0.409994
-0.001861703,0.0123407,0.00239853,1.1098320574309313,0.416394
-0.001856703,0.0129807,0.0279975,1.1098850284109305,0.422793
-0.001851703,0.0107408,0.015198,1.1099379993909293,0.422793
-0.001846703,0.0117007,0.00879828,1.1099909703709283,0.422793
-0.001841703,0.0113807,-0.0168007,1.1100439413509275,0.422793
-0.001836703,0.0120207,0.0759957,1.1100969123309268,0.422793
-0.001831703,0.0110608,0.00239853,1.1101498833109258,0.422793
-0.001826703,0.0123407,0.0375972,1.1102028542909248,0.422793
-0.001821703,0.0129807,0.0919951,1.110255825270924,0.416394
-0.001816703,0.0107408,0.0407971,1.110308796250923,0.416394
-0.001811703,0.0133007,0.0567964,1.1103617672309225,0.422793
-0.001806703,0.0113807,-0.0328001,1.1104147382109213,0.416394
-0.001801703,0.0120207,-0.00720111,1.1104677091909203,0.422793
-0.001796703,0.0133007,0.0215978,1.1105206801709195,0.422793
-0.001791703,0.0101008,-0.0328001,1.1105736511509186,0.422793
-0.001786703,0.0123407,0.117594,1.1106266221309178,0.429193
-0.001781703,0.0126607,-0.00720111,1.1106795931109168,0.422793
-0.001776703,0.0110608,-0.0264004,1.110732564090916,0.416394
-0.001771703,0.0113807,0.0631962,1.110785535070915,0.422793
-0.001766703,0.0129807,0.0535966,1.110838506050914,0.416394
-0.001761703,0.0123407,0.0599963,1.1108914770309133,0.435593
-0.001756703,0.00946082,0.0695959,1.1109444480109123,0.416394
-0.001751703,0.0136207,0.0279975,1.1109974189909115,0.422793
-0.001746703,0.0113807,0.0855953,1.1110503899709103,0.422793
-0.001741703,0.00946082,-0.00400123,1.1111033609509098,0.429193
-0.001736703,0.0152206,0.0823955,1.1111563319309088,0.435593
-0.001731703,0.00690092,0.0631962,1.1112093029109078,0.422793
-0.001726703,0.0155406,0.0631962,1.111262273890907,0.429193
-0.001721703,0.00658093,0.104795,1.111315244870906,0.416394
-0.001716703,0.0142606,0.111194,1.1113682158509053,0.429193
-0.001711703,0.00818087,0.0823955,1.1114211868309043,0.429193
-0.001706703,0.0123407,0.114394,1.1114741578109033,0.422793
-0.001701703,0.0104208,0.181592,1.1115271287909023,0.435593
-0.001696703,0.00882085,0.181592,1.1115800997709016,0.422793
-0.001691703,0.0126607,0.136793,1.1116330707509008,0.422793
-0.001686703,0.00722091,0.0695959,1.1116860417308998,0.416394
-0.001681703,0.0110608,0.130394,1.111739012710899,0.422793
-0.001676703,0.00946082,0.143193,1.111791983690898,0.429193
-0.001671703,0.0110608,0.139993,1.111844954670897,0.422793
-0.001666703,0.00946082,0.136793,1.1118979256508963,0.429193
-0.001661703,0.00850086,0.120794,1.1119508966308953,0.416394
-0.001656703,0.0104208,0.127194,1.1120038676108943,0.429193
-0.001651703,0.00818087,0.171992,1.1120568385908935,0.416394
-0.001646703,0.00914084,0.159193,1.1121098095708926,0.429193
-0.001641703,0.00978081,0.114394,1.1121627805508918,0.416394
-0.001636703,0.00946082,0.120794,1.1122157515308908,0.429193
-0.001631703,0.0075409,0.149593,1.11226872251089,0.422793
-0.001626703,0.00850086,0.146393,1.112321693490889,0.403594
-0.001621703,0.00914084,0.130394,1.1123746644708885,0.416394
-0.001616703,0.00850086,0.175192,1.1124276354508873,0.429193
-0.001611703,0.00786088,0.155993,1.1124806064308863,0.422793
-0.001606703,0.00786088,0.175192,1.1125335774108855,0.422793
-0.001601703,0.00818087,0.149593,1.1125865483908846,0.416394
-0.001596703,0.00722091,0.143193,1.1126395193708838,0.429193
-0.001591703,0.00882085,0.127194,1.1126924903508828,0.422793
-0.001586703,0.00946082,0.0887952,1.1127454613308818,0.429193
-0.001581703,0.00722091,0.111194,1.112798432310881,0.416394
-0.001576703,0.00722091,0.0855953,1.11285140329088,0.416394
-0.001571703,0.00914084,0.168792,1.1129043742708793,0.422793
-0.001566703,0.00658093,0.095195,1.1129573452508783,0.422793
-0.001561703,0.00658093,0.136793,1.1130103162308775,0.429193
-0.001556703,0.00562097,0.155993,1.1130632872108766,0.422793
-0.001551703,0.0107408,0.165592,1.1131162581908756,0.429193
-0.001546703,0.00338106,0.146393,1.1131692291708748,0.422793
-0.001541703,0.0117007,0.117594,1.1132222001508738,0.435593
-0.001536703,0.004981,0.184792,1.113275171130873,0.422793
-0.001531703,0.0075409,0.123994,1.113328142110872,0.435593
-0.001526703,0.00882085,0.175192,1.113381113090871,0.416394
-0.001521703,0.00370104,0.146393,1.1134340840708703,0.422793
-0.001516703,0.0104208,0.146393,1.113487055050869,0.429193
-0.001511703,0.00146113,0.155993,1.1135400260308683,0.429193
-0.001506703,0.0113807,0.175192,1.1135929970108676,0.416394
-0.001501703,0.00306107,0.152793,1.1136459679908668,0.429193
-0.001496703,0.00850086,0.194391,1.1136989389708658,0.422793
-0.001491703,0.00530098,0.168792,1.1137519099508648,0.422793
-0.001486703,0.00786088,0.139993,1.113804880930864,0.429193
-0.001481703,0.00690092,0.152793,1.113857851910863,0.416394
-0.001476703,0.00562097,0.123994,1.1139108228908623,0.416394
-0.001471703,0.00914084,0.159193,1.1139637938708613,0.429193
-0.001466703,0.00402103,0.133593,1.1140167648508603,0.429193
-0.001461703,0.00946082,0.149593,1.1140697358308596,0.422793
-0.001456703,0.00274108,0.117594,1.1141227068108586,0.422793
-0.001451703,0.00818087,0.136793,1.1141756777908578,0.435593
-0.001446703,0.004981,0.152793,1.1142286487708568,0.422793
-0.001441703,0.004981,0.181592,1.114281619750856,0.429193
-0.001436703,0.00722091,0.175192,1.114334590730855,0.422793
-0.001431703,0.00562097,0.168792,1.114387561710854,0.429193
-0.001426703,0.00786088,0.178392,1.1144405326908533,0.422793
-0.001421703,0.00466101,0.146393,1.1144935036708523,0.422793
-0.001416703,0.00722091,0.136793,1.1145464746508515,0.416394
-0.001411703,0.00466101,0.120794,1.1145994456308506,0.416394
-0.001406703,0.0075409,0.123994,1.1146524166108496,0.409994
-0.001401703,0.00626095,0.143193,1.1147053875908488,0.429193
-0.001396703,0.00530098,0.149593,1.1147583585708478,0.429193
-0.001391703,0.00626095,0.162392,1.114811329550847,0.422793
-0.001386703,0.00530098,0.168792,1.114864300530846,0.416394
-0.001381703,0.00690092,0.175192,1.1149172715108453,0.422793
-0.001376703,0.00658093,0.203991,1.1149702424908443,0.429193
-0.001371703,0.00626095,0.127194,1.115023213470843,0.422793
-0.001366703,0.00722091,0.168792,1.1150761844508426,0.429193
-0.001361703,0.00466101,0.143193,1.1151291554308416,0.422793
-0.001356703,0.00850086,0.168792,1.1151821264108408,0.416394
-0.001351703,0.00370104,0.130394,1.1152350973908398,0.422793
-0.001346703,0.00818087,0.159193,1.1152880683708388,0.422793
-0.001341703,0.00562097,0.155993,1.115341039350838,0.416394
-0.001336703,0.00594096,0.165592,1.115394010330837,0.422793
-0.001331703,0.00658093,0.143193,1.1154469813108363,0.416394
-0.001326703,0.00594096,0.123994,1.115499952290835,0.416394
-0.001321703,0.00722091,0.130394,1.1155529232708346,0.422793
-0.001316703,0.00594096,0.127194,1.1156058942508336,0.416394
-0.001311703,0.00786088,0.139993,1.1156588652308326,0.422793
-0.001306703,0.00562097,0.168792,1.1157118362108318,0.429193
-0.001301703,0.00786088,0.143193,1.1157648071908308,0.422793
-0.001296703,0.00562097,0.149593,1.11581777817083,0.422793
-0.001291703,0.0075409,0.139993,1.115870749150829,0.422793
-0.001286703,0.00530098,0.152793,1.115923720130828,0.429193
-0.001281703,0.00722091,0.159193,1.115976691110827,0.422793
-0.001276703,0.0075409,0.149593,1.1160296620908263,0.422793
-0.001271703,0.00626095,0.168792,1.1160826330708256,0.422793
-0.001266703,0.0075409,0.162392,1.1161356040508246,0.422793
-0.001261703,0.00786088,0.162392,1.1161885750308238,0.416394
-0.001256703,0.00562097,0.152793,1.1162415460108228,0.422793
-0.001251703,0.0075409,0.149593,1.1162945169908218,0.422793
-0.001246703,0.00562097,0.152793,1.116347487970821,0.435593
-0.001241703,0.00946082,0.139993,1.11640045895082,0.429193
-0.001236703,0.00626095,0.162392,1.1164534299308193,0.422793
-0.001231703,0.00690092,0.130394,1.1165064009108183,0.422793
-0.001226703,0.00690092,0.165592,1.116559371890817,0.429193
-0.001221703,0.00786088,0.120794,1.1166123428708166,0.416394
-0.001216703,0.00786088,0.111194,1.1166653138508156,0.422793
-0.001211703,0.00722091,0.165592,1.1167182848308148,0.435593
-0.001206703,0.00786088,0.104795,1.1167712558108138,0.416394
-0.001201703,0.00626095,0.143193,1.116824226790813,0.422793
-0.001196703,0.0113807,0.155993,1.116877197770812,0.429193
-0.001191703,0.00626095,0.120794,1.116930168750811,0.416394
-0.001186703,0.00818087,0.159193,1.1169831397308103,0.422793
-0.001181703,0.00882085,0.114394,1.117036110710809,0.422793
-0.001176703,0.00626095,0.117594,1.1170890816908086,0.422793
-0.001171703,0.0113807,0.139993,1.1171420526708076,0.422793
-0.001166703,0.00530098,0.155993,1.1171950236508066,0.429193
-0.001161703,0.00946082,0.133593,1.1172479946308058,0.422793
-0.001156703,0.00914084,0.146393,1.1173009656108048,0.416394
-0.001151703,0.00658093,0.149593,1.117353936590804,0.422793
-0.001146703,0.0113807,0.127194,1.117406907570803,0.416394
-0.001141703,0.00466101,0.162392,1.1174598785508023,0.416394
-0.001136703,0.0126607,0.104795,1.117512849530801,0.429193
-0.001131703,0.00722091,0.120794,1.1175658205108003,0.422793
-0.001126703,0.00978081,0.127194,1.1176187914907996,0.435593
-0.001121703,0.0101008,0.101595,1.1176717624707986,0.429193
-0.001116703,0.00914084,0.139993,1.1177247334507978,0.422793
-0.001111703,0.0113807,0.104795,1.1177777044307968,0.422793
-0.001106703,0.0104208,0.159193,1.1178306754107958,0.422793
-0.001101703,0.0075409,0.149593,1.117883646390795,0.416394
-0.001096703,0.0110608,0.168792,1.117936617370794,0.429193
-0.001091703,0.00946082,0.143193,1.117989588350793,0.429193
-0.001086703,0.0120207,0.143193,1.1180425593307923,0.416394
-0.001081703,0.00946082,0.162392,1.1180955303107916,0.422793
-0.001076703,0.0113807,0.107994,1.1181485012907906,0.429193
-0.001071703,0.00882085,0.139993,1.1182014722707896,0.422793
-0.001066703,0.0123407,0.095195,1.1182544432507888,0.429193
-0.001061703,0.0110608,0.114394,1.1183074142307878,0.435593
-0.001056703,0.00978081,0.111194,1.118360385210787,0.422793
-0.001051703,0.0133007,0.107994,1.118413356190786,0.422793
-0.001046703,0.00850086,0.123994,1.118466327170785,0.429193
-0.001041703,0.0145806,0.143193,1.1185192981507843,0.422793
-0.001036703,0.0123407,0.127194,1.1185722691307831,0.422793
-0.001031703,0.00946082,0.162392,1.1186252401107826,0.429193
-0.001026703,0.0133007,0.123994,1.1186782110907816,0.416394
-0.001021703,0.0101008,0.149593,1.1187311820707808,0.422793
-0.001016703,0.0120207,0.136793,1.1187841530507798,0.429193
-0.001011703,0.0126607,0.152793,1.1188371240307788,0.429193
-0.001006703,0.0117007,0.130394,1.118890095010778,0.422793
-0.001001703,0.0168205,0.111194,1.118943065990777,0.422793
-0.0009967027,0.0104208,0.136793,1.118996040149035,0.416394
-0.0009917027,0.0171405,0.149593,1.119049011129034,0.416394
-0.0009867027,0.0158606,0.130394,1.119101982109033,0.429193
-0.0009817027,0.00690092,0.136793,1.1191549530890323,0.409994
-0.0009767027,0.0229003,0.152793,1.1192079240690314,0.429193
-0.0009717027,0.00978081,0.104795,1.1192608950490306,0.416394
-0.0009667027,0.0190605,0.0919951,1.1193138660290296,0.422793
-0.0009617027,0.0145806,0.120794,1.1193668370090288,0.422793
-0.0009567027,0.0181005,0.130394,1.1194198079890278,0.429193
-0.0009517027,0.0123407,0.0887952,1.119472778969027,0.416394
-0.0009467027,0.0145806,0.139993,1.119525749949026,0.422793
-0.0009417027,0.0168205,0.114394,1.119578720929025,0.416394
-0.0009367027,0.0158606,0.114394,1.1196316919090243,0.422793
-0.0009317027,0.0181005,0.0759957,1.1196846628890234,0.422793
-0.0009267027,0.0181005,0.101595,1.1197376338690226,0.429193
-0.0009217027,0.0209804,0.159193,1.1197906048490216,0.422793
-0.0009167027,0.0133007,0.146393,1.1198435758290206,0.422793
-0.0009117027,0.0197004,0.107994,1.1198965468090198,0.429193
-0.0009067027,0.0264202,0.0919951,1.1199495177890189,0.416394
-0.0009017027,0.0136207,0.107994,1.120002488769018,0.429193
-0.0008967027,0.0293001,0.0375972,1.120055459749017,0.429193
-0.0008917027,0.0203404,0.117594,1.1201084307290163,0.435593
-0.0008867027,0.0245002,0.120794,1.1201614017090151,0.422793
-0.0008817027,0.0190605,0.0567964,1.1202143726890144,0.422793
-0.0008767027,0.0324999,0.143193,1.1202673436690136,0.422793
-0.0008717027,0.0152206,0.127194,1.1203203146490126,0.416394
-0.0008667027,0.0270601,0.0791956,1.1203732856290118,0.429193
-0.0008617027,0.0293001,0.0375972,1.1204262566090109,0.429193
-0.0008567027,0.0174605,0.095195,1.12047922758901,0.422793
-0.0008517027,0.0280201,0.111194,1.120532198569009,0.422793
-0.0008467027,0.0216204,0.095195,1.120585169549008,0.422793
-0.0008417027,0.0353798,0.0215978,1.1206381405290071,0.422793
-0.0008367027,0.0238603,0.0279975,1.1206911115090064,0.416394
-0.0008317027,0.0245002,0.130394,1.1207440824890056,0.422793
-0.0008267027,0.0340999,0.130394,1.1207970534690046,0.422793
-0.0008217027,0.0181005,0.120794,1.1208500244490036,0.416394
-0.0008167027,0.0360198,0.0695959,1.1209029954290028,0.422793
-0.0008117027,0.0222603,0.111194,1.120955966409002,0.429193
-0.0008067027,0.0388997,0.0567964,1.121008937389001,0.422793
-0.0008017027,0.0324999,0.0503967,1.121061908369,0.416394
-0.0007967027,0.03122,0.0663961,1.1211148793489991,0.422793
-0.0007917027,0.0366598,0.0727958,1.1211678503289983,0.422793
-0.0007867027,0.0229003,-0.0328001,1.1212208213089974,0.429193
-0.0007817027,0.0462594,0.0887952,1.1212737922889966,0.422793
-0.0007767027,0.0248202,0.155993,1.1213267632689956,0.416394
-0.0007717027,0.0385797,0.0727958,1.1213797342489946,0.422793
-0.0007667027,0.02994,0.0695959,1.121432705228994,0.435593
-0.0007617027,0.0369798,0.0183979,1.1214856762089929,0.409994
-0.0007567027,0.0324999,-0.0455996,1.121538647188992,0.429193
-0.0007517027,0.0382597,-0.0423998,1.1215916181689911,0.422793
-0.0007467027,0.03154,-0.0455996,1.1216445891489903,0.429193
-0.0007417027,0.0392197,0.0183979,1.1216975601289894,0.416394
-0.0007367027,0.0235403,-0.0423998,1.1217505311089884,0.422793
-0.0007317027,0.0510592,-0.036,1.1218035020889876,0.429193
-0.0007267027,0.02994,-0.00720111,1.1218564730689866,0.422793
-0.0007217027,0.0478593,-0.0519994,1.1219094440489858,0.422793
-0.0007167027,0.0350598,0.0727958,1.1219624150289849,0.422793
-0.0007117027,0.0363398,-0.0455996,1.122015386008984,0.416394
-0.0007067027,0.0465794,-0.000801352,1.122068356988983,0.422793
-0.0007017027,0.0340999,-0.0935978,1.122121327968982,0.429193
-0.0006967027,0.0484993,-0.0455996,1.1221742989489814,0.429193
-0.0006917027,0.0324999,-0.0647989,1.1222272699289804,0.435593
-0.0006867027,0.0443395,-0.0487995,1.1222802409089796,0.422793
-0.0006817027,0.0331399,0.0343973,1.1223332118889786,0.422793
-0.0006767027,0.0404996,-0.0455996,1.1223861828689776,0.416394
-0.0006717027,0.0411396,-0.115997,1.1224391538489769,0.416394
-0.0006667027,0.0340999,-0.061599,1.122492124828976,0.422793
-0.0006617027,0.0430595,-0.141596,1.122545095808975,0.422793
-0.0006567027,0.0385797,-0.170395,1.122598066788974,0.422793
-0.0006517027,0.0382597,-0.154395,1.1226510377689731,0.422793
-0.0006467027,0.0436995,-0.00720111,1.1227040087489724,0.422793
-0.0006417027,0.0363398,-0.0200006,1.1227569797289714,0.422793
-0.0006367027,0.0459394,-0.128796,1.1228099507089706,0.422793
-0.0006317027,0.0376197,-0.0455996,1.1228629216889696,0.416394
-0.0006267027,0.0340999,-0.0583991,1.1229158926689689,0.435593
-0.0006217027,0.0443395,-0.115997,1.122968863648968,0.416394
-0.0006167027,0.0289801,-0.0839982,1.1230218346289669,0.422793
-0.0006117027,0.0436995,-0.170395,1.123074805608966,0.422793
-0.0006067027,0.0366598,-0.160795,1.1231277765889651,0.422793
-0.0006017027,0.0347399,-0.189594,1.1231807475689644,0.422793
-0.0005967027,0.0382597,-0.186394,1.1232337185489634,0.422793
-0.0005917027,0.02994,-0.151196,1.1232866895289624,0.429193
-0.0005867027,0.0392197,-0.163995,1.1233396605089616,0.422793
-0.0005817027,0.0229003,-0.202394,1.1233926314889606,0.422793
-0.0005767027,0.0395397,-0.208793,1.12344560246896,0.416394
-0.0005717027,0.0324999,-0.227993,1.1234985734489589,0.429193
-0.0005667027,0.0324999,-0.138396,1.123551544428958,0.390795
-0.0005617027,0.03058,-0.211993,1.1236045154089571,0.429193
-0.0005567027,0.0289801,-0.189594,1.123657486388956,0.422793
-0.0005517027,0.0337799,-0.167195,1.1237104573689554,0.429193
-0.0005467027,0.0283401,-0.250392,1.1237634283489544,0.422793
-0.0005417027,0.03218,-0.29839,1.1238163993289536,0.422793
-0.0005367027,0.0283401,-0.227993,1.1238693703089526,0.422793
-0.0005317027,0.0251402,-0.211993,1.1239223412889516,0.422793
-0.0005267027,0.0408196,-0.087198,1.1239753122689509,0.422793
-0.0005217027,0.0120207,-0.199194,1.12402828324895,0.422793
-0.0005167027,0.0369798,-0.227993,1.1240812542289491,0.416394
-0.0005117027,0.0181005,-0.227993,1.124134225208948,0.422793
-0.0005067027,0.0309,-0.170395,1.1241871961889474,0.429193
-0.0005017027,0.0206604,-0.253592,1.1242401671689464,0.422793
-0.0004967027,0.03026,-0.202394,1.1242931381489454,0.422793
-0.0004917027,0.0225803,-0.224793,1.1243461091289446,0.422793
-0.0004867027,0.0229003,-0.170395,1.1243990801089436,0.422793
-0.0004817027,0.0229003,-0.253592,1.1244520510889429,0.429193
-0.0004767027,0.0174605,-0.253592,1.124505022068942,0.422793
-0.0004717027,0.0347399,-0.112797,1.1245579930489409,0.422793
-0.0004667027,0.0152206,-0.253592,1.12461096402894,0.422793
-0.0004617027,0.0222603,-0.211993,1.1246639350089391,0.435593
-0.0004567027,0.0229003,-0.189594,1.1247169059889384,0.422793
-0.0004517027,0.0168205,-0.195994,1.1247698769689374,0.422793
-0.0004467027,0.0229003,-0.250392,1.1248228479489366,0.435593
-0.0004417027,0.0126607,-0.199194,1.1248758189289356,0.422793
-0.0004367027,0.0213004,-0.218393,1.1249287899089346,0.429193
-0.0004317027,0.0155406,-0.189594,1.124981760888934,0.429193
-0.0004267027,0.0181005,-0.243992,1.1250347318689329,0.422793
-0.0004217027,0.0181005,-0.221593,1.125087702848932,0.429193
-0.0004167027,0.0187405,-0.234392,1.1251406738289311,0.422793
-0.0004117027,0.0145806,-0.202394,1.12519364480893,0.422793
-0.0004067027,0.0161806,-0.215193,1.1252466157889294,0.422793
-0.0004017027,0.0133007,-0.227993,1.1252995867689284,0.429193
-0.0003967027,0.0203404,-0.243992,1.1253525577489276,0.416394
-0.0003917027,0.0113807,-0.240792,1.1254055287289266,0.429193
-0.0003867027,0.0209804,-0.202394,1.125458499708926,0.429193
-0.0003817027,0.0107408,-0.279191,1.1255114706889249,0.429193
-0.0003767027,0.0161806,-0.218393,1.125564441668924,0.422793
-0.0003717027,0.0197004,-0.247192,1.1256174126489231,0.422793
-0.0003667027,0.00850086,-0.234392,1.125670383628922,0.416394
-0.0003617027,0.0197004,-0.237592,1.1257233546089214,0.422793
-0.0003567027,0.0107408,-0.269591,1.1257763255889204,0.422793
-0.0003517027,0.0136207,-0.240792,1.1258292965689194,0.422793
-0.0003467027,0.0126607,-0.195994,1.1258822675489186,0.422793
-0.0003417027,0.0126607,-0.186394,1.1259352385289176,0.429193
-0.0003367027,0.0155406,-0.208793,1.1259882095089169,0.416394
-0.0003317027,0.0101008,-0.218393,1.126041180488916,0.429193
-0.0003267027,0.0158606,-0.195994,1.1260941514689151,0.409994
-0.0003217027,0.0101008,-0.221593,1.126147122448914,0.416394
-0.0003167027,0.0104208,-0.183194,1.1262000934289131,0.422793
-0.0003117027,0.0145806,-0.231193,1.1262530644089124,0.429193
-0.0003067027,0.00850086,-0.218393,1.1263060353889114,0.422793
-0.0003017027,0.0139407,-0.218393,1.1263590063689106,0.422793
-0.0002967027,0.00850086,-0.263191,1.1264119773489096,0.422793
-0.0002917027,0.00978081,-0.237592,1.1264649483289086,0.422793
-0.0002867027,0.00914084,-0.218393,1.126517919308908,0.422793
-0.0002817027,0.0123407,-0.227993,1.126570890288907,0.422793
-0.0002767027,0.00914084,-0.215193,1.126623861268906,0.422793
-0.0002717027,0.00978081,-0.231193,1.1266768322489051,0.422793
-0.0002667027,0.00914084,-0.256792,1.1267298032289044,0.416394
-0.0002617027,0.0101008,-0.263191,1.1267827742089034,0.416394
-0.0002567027,0.0123407,-0.250392,1.1268357451889024,0.422793
-0.0002517027,0.0101008,-0.227993,1.1268887161689016,0.409994
-0.0002467027,0.0101008,-0.256792,1.1269416871489006,0.422793
-0.0002417027,0.0120207,-0.243992,1.1269946581289,0.422793
-0.0002367027,0.00658093,-0.234392,1.1270476291088989,0.429193
-0.0002317027,0.0110608,-0.231193,1.127100600088898,0.422793
-0.0002267027,0.00786088,-0.231193,1.1271535710688971,0.422793
-0.0002217027,0.00850086,-0.253592,1.127206542048896,0.422793
-0.0002167027,0.00882085,-0.237592,1.1272595130288954,0.422793
-0.0002117027,0.00818087,-0.202394,1.1273124840088944,0.422793
-0.0002067027,0.0110608,-0.208793,1.1273654549888936,0.416394
-0.0002017027,0.00594096,-0.176795,1.1274184259688926,0.422793
-0.0001967027,0.00850086,-0.211993,1.1274713969488916,0.416394
-0.0001917027,0.00530098,-0.199194,1.1275243679288909,0.422793
-0.0001867027,0.0113807,-0.208793,1.12757733890889,0.422793
-0.0001817027,0.00338106,-0.227993,1.1276303098888891,0.422793
-0.0001767027,0.00978081,-0.202394,1.127683280868888,0.416394
-0.0001717027,0.00626095,-0.205593,1.1277362518488872,0.429193
-0.0001667027,0.0075409,-0.224793,1.1277892228288864,0.416394
-0.0001617027,0.0075409,-0.205593,1.1278421938088854,0.435593
-0.0001567027,0.00786088,-0.215193,1.1278951647888846,0.422793
-0.0001517027,0.00530098,-0.218393,1.1279481357688836,0.435593
-0.0001467027,0.00690092,-0.202394,1.1280011067488829,0.422793
-0.0001417027,0.00786088,-0.199194,1.128054077728882,0.416394
-0.0001367027,0.00562097,-0.234392,1.128107048708881,0.429193
-0.0001317027,0.0075409,-0.211993,1.12816001968888,0.416394
-0.0001267027,0.00626095,-0.176795,1.1282129906688791,0.429193
-0.0001217027,0.0075409,-0.208793,1.1282659616488784,0.429193
-0.0001167027,0.00626095,-0.208793,1.1283189326288774,0.416394
-0.0001117027,0.00626095,-0.199194,1.1283719036088764,0.422793
-0.0001067027,0.00658093,-0.224793,1.1284248745888756,0.416394
-0.0001017027,0.004981,-0.215193,1.1284778455688746,0.422793
-9.670268e-05,0.00786088,-0.199194,1.1285308167607575,0.409994
-9.170268e-05,0.00530098,-0.205593,1.1285837877407567,0.429193
-8.670268e-05,0.00562097,-0.218393,1.128636758720756,0.422793
-8.170268e-05,0.00626095,-0.199194,1.128689729700755,0.422793
-7.670268e-05,0.00594096,-0.205593,1.1287427006807542,0.435593
-7.170268e-05,0.00722091,-0.247192,1.1287956716607532,0.422793
-6.670268e-05,0.00530098,-0.183194,1.1288486426407525,0.422793
-6.170268e-05,0.0075409,-0.205593,1.1289016136207517,0.416394
-5.670268e-05,0.00626095,-0.170395,1.1289545846007505,0.429193
-5.170268e-05,0.00594096,-0.199194,1.1290075555807495,0.409994
-4.670268e-05,0.00530098,-0.221593,1.1290605265607487,0.422793
-4.170268e-05,0.0075409,-0.199194,1.129113497540748,0.422793
-3.670268e-05,0.00370104,-0.192794,1.129166468520747,0.422793
-3.170268e-05,0.00818087,-0.186394,1.129219439500746,0.422793
-2.670268e-05,0.00434102,-0.231193,1.1292724104807452,0.416394
-2.170268e-05,0.00594096,-0.227993,1.1293253814607442,0.422793
-1.670268e-05,0.00690092,-0.189594,1.1293783524407437,0.429193
-1.170268e-05,0.00594096,-0.211993,1.1294313234207425,0.422793
-6.702683e-06,0.00658093,-0.192794,1.1294842943689591,0.422793
-1.702683e-06,0.00338106,-0.224793,1.1295372653489582,0.429193
3.297317e-06,0.00626095,-0.186394,1.1295902363289572,0.422793
8.297317e-06,0.00370104,-0.189594,1.1296432073089564,0.416394
1.329732e-05,0.00690092,-0.189594,1.129696178320738,0.416394
1.829732e-05,0.004981,-0.221593,1.1297491493007372,0.422793
2.329732e-05,0.00562097,-0.186394,1.1298021202807362,0.422793
2.829732e-05,0.00594096,-0.202394,1.1298550912607352,0.422793
3.329732e-05,0.00402103,-0.183194,1.1299080622407345,0.416394
3.829732e-05,0.00690092,-0.195994,1.1299610332207335,0.422793
4.329732e-05,0.00306107,-0.202394,1.1300140042007327,0.422793
4.829732e-05,0.00658093,-0.163995,1.1300669751807315,0.429193
5.329732e-05,0.00402103,-0.186394,1.130119946160731,0.416394
5.829732e-05,0.00626095,-0.163995,1.13017291714073,0.422793
6.329732e-05,0.00562097,-0.192794,1.130225888120729,0.409994
6.829732e-05,0.00562097,-0.205593,1.1302788591007282,0.422793
7.329732e-05,0.00626095,-0.167195,1.1303318300807272,0.435593
7.829732e-05,0.00466101,-0.183194,1.1303848010607265,0.416394
8.329732e-05,0.004981,-0.186394,1.1304377720407257,0.416394
8.829732e-05,0.00434102,-0.208793,1.1304907430207245,0.416394
9.329732e-05,0.00562097,-0.163995,1.1305437140007235,0.429193
9.829732e-05,0.00402103,-0.186394,1.1305966849807227,0.416394
0.0001032973,0.00722091,-0.154395,1.130649655748838,0.416394
0.0001082973,0.00530098,-0.173595,1.1307026267288371,0.429193
0.0001132973,0.004981,-0.183194,1.1307555977088362,0.422793
0.0001182973,0.00626095,-0.170395,1.1308085686888354,0.429193
0.0001232973,0.00434102,-0.195994,1.1308615396688344,0.422793
0.0001282973,0.00594096,-0.163995,1.1309145106488334,0.422793
0.0001332973,0.00370104,-0.218393,1.1309674816288326,0.429193
0.0001382973,0.00594096,-0.186394,1.1310204526088317,0.422793
0.0001432973,0.00690092,-0.179994,1.131073423588831,0.416394
0.0001482973,0.00338106,-0.183194,1.13112639456883,0.435593
0.0001532973,0.0075409,-0.173595,1.1311793655488291,0.422793
0.0001582973,0.00402103,-0.170395,1.1312323365288282,0.422793
0.0001632973,0.00594096,-0.151196,1.1312853075088272,0.416394
0.0001682973,0.00626095,-0.199194,1.1313382784888264,0.422793
0.0001732973,0.00370104,-0.173595,1.1313912494688254,0.422793
0.0001782973,0.00722091,-0.202394,1.1314442204488246,0.429193
0.0001832973,0.00466101,-0.186394,1.1314971914288237,0.422793
0.0001882973,0.00658093,-0.173595,1.131550162408823,0.416394
0.0001932973,0.00434102,-0.221593,1.131603133388822,0.422793
0.0001982973,0.00690092,-0.179994,1.131656104368821,0.422793
0.0002032973,0.00530098,-0.173595,1.13170907534882,0.416394
0.0002082973,0.00690092,-0.176795,1.1317620463288192,0.422793
0.0002132973,0.00658093,-0.167195,1.1318150173088184,0.416394
0.0002182973,0.004981,-0.176795,1.1318679882888174,0.422793
0.0002232973,0.00690092,-0.160795,1.1319209592688164,0.429193
0.0002282973,0.00658093,-0.195994,1.1319739302488157,0.422793
0.0002332973,0.00594096,-0.167195,1.1320269012288149,0.422793
0.0002382973,0.00690092,-0.170395,1.132079872208814,0.422793
0.0002432973,0.00626095,-0.151196,1.132132843188813,0.422793
0.0002482973,0.00626095,-0.173595,1.132185814168812,0.422793
0.0002532973,0.00626095,-0.138396,1.1322387851488112,0.422793
0.0002582973,0.00850086,-0.135196,1.1322917561288102,0.429193
0.0002632973,0.00466101,-0.173595,1.1323447271088094,0.416394
0.0002682973,0.00818087,-0.151196,1.1323976980888084,0.422793
0.0002732973,0.00562097,-0.167195,1.1324506690688076,0.416394
0.0002782973,0.00914084,-0.176795,1.1325036400488069,0.416394
0.0002832973,0.00722091,-0.176795,1.1325566110288057,0.416394
0.0002882973,0.00594096,-0.141596,1.132609582008805,0.416394
0.0002932973,0.0101008,-0.119197,1.132662552988804,0.416394
0.0002982973,0.00402103,-0.141596,1.1327155239688032,0.429193
0.0003032973,0.0101008,-0.119197,1.1327684949488022,0.429193
0.0003082973,0.00562097,-0.135196,1.1328214659288012,0.422793
0.0003132973,0.00882085,-0.119197,1.1328744369088004,0.435593
0.0003182973,0.00530098,-0.119197,1.1329274078887994,0.422793
0.0003232973,0.00818087,-0.131996,1.1329803788687989,0.435593
0.0003282973,0.00850086,-0.138396,1.1330333498487977,0.429193
0.0003332973,0.00786088,-0.186394,1.133086320828797,0.416394
0.0003382973,0.00690092,-0.122397,1.133139291808796,0.435593
0.0003432973,0.00882085,-0.154395,1.133192262788795,0.422793
0.0003482973,0.00818087,-0.112797,1.1332452337687942,0.422793
0.0003532973,0.0075409,-0.0136009,1.1332982047487932,0.422793
0.0003582973,0.0101008,-0.122397,1.1333511757287924,0.422793
0.0003632973,0.00786088,-0.163995,1.1334041467087914,0.429193
0.0003682973,0.0110608,-0.0903979,1.1334571176887904,0.416394
0.0003732973,0.00882085,-0.135196,1.1335100886687897,0.429193
0.0003782973,0.00978081,-0.112797,1.133563059648789,0.429193
0.0003832973,0.0101008,-0.0967977,1.133616030628788,0.416394
0.0003882973,0.00786088,-0.135196,1.133669001608787,0.422793
0.0003932973,0.00946082,-0.0743985,1.1337219725887862,0.422793
0.0003982973,0.00882085,-0.144796,1.1337749435687852,0.422793
0.0004032973,0.00946082,-0.0775984,1.1338279145487842,0.416394
0.0004082973,0.0110608,-0.115997,1.1338808855287834,0.422793
0.0004132973,0.00850086,-0.131996,1.1339338565087824,0.416394
0.0004182973,0.0145806,-0.0999975,1.1339868274887817,0.422793
0.0004232973,0.0075409,-0.147996,1.134039798468781,0.422793
0.0004282973,0.00914084,-0.0455996,1.1340927694487797,0.416394
0.0004332973,0.0110608,-0.0328001,1.134145740428779,0.422793
0.0004382973,0.00818087,-0.0647989,1.134198711408778,0.429193
0.0004432973,0.0129807,-0.0807983,1.1342516823887772,0.416394
0.0004482973,0.00850086,-0.0455996,1.1343046533687762,0.429193
0.0004532973,0.0123407,-0.0679988,1.1343576243487754,0.435593
0.0004582973,0.00882085,-0.106397,1.1344105953287744,0.422793
0.0004632973,0.0113807,-0.0839982,1.1344635663087734,0.422793
0.0004682973,0.00914084,-0.128796,1.1345165372887729,0.416394
0.0004732973,0.0117007,0.00879828,1.1345695082687717,0.416394
0.0004782973,0.0107408,-0.144796,1.134622479248771,0.422793
0.0004832973,0.00882085,-0.061599,1.13467545022877,0.409994
0.0004882973,0.0110608,-0.0328001,1.134728421208769,0.422793
0.0004932973,0.0075409,-0.0935978,1.1347813921887682,0.416394
0.0004982973,0.0113807,-0.106397,1.1348343631687672,0.429193
0.0005032973,0.00914084,-0.036,1.1348873341487664,0.422793
0.0005082973,0.0117007,-0.0200006,1.1349403051287654,0.429193
0.0005132973,0.0075409,-0.00720111,1.1349932761087649,0.422793
0.0005182973,0.0107408,0.00239853,1.1350462470887637,0.429193
0.0005232973,0.0110608,-0.0136009,1.135099218068763,0.422793
0.0005282973,0.00722091,-0.0455996,1.135152189048762,0.429193
0.0005332973,0.0149006,-0.0647989,1.135205160028761,0.416394
0.0005382973,0.004981,-0.0999975,1.1352581310087602,0.422793
0.0005432973,0.0139407,-0.0391999,1.1353111019887592,0.422793
0.0005482973,0.00626095,-0.0551993,1.1353640729687582,0.422793
0.0005532973,0.00882085,-0.087198,1.1354170439487574,0.422793
0.0005582973,0.0110608,-0.0232005,1.1354700149287564,0.422793
0.0005632973,0.00370104,-0.0232005,1.1355229859087557,0.422793
0.0005682973,0.0133007,-0.0200006,1.135575956888755,0.422793
0.0005732973,0.00658093,0.0215978,1.135628927868754,0.429193
0.0005782973,0.00818087,-0.0647989,1.135681898848753,0.422793
0.0005832973,0.0107408,0.0215978,1.135734869828752,0.416394
0.0005882973,0.00530098,0.00879828,1.1357878408087512,0.409994
0.0005932973,0.0104208,0.00239853,1.1358408117887502,0.422793
0.0005982973,0.004981,-0.00400123,1.1358937827687494,0.422793
0.0006032973,0.00914084,0.0183979,1.1359467537487484,0.416394
0.0006082973,0.0075409,-0.0200006,1.1359997247287474,0.422793
0.0006132973,0.00690092,-0.0136009,1.136052695708747,0.422793
0.0006182973,0.00946082,-0.0328001,1.1361056666887457,0.422793
0.0006232973,0.004981,-0.00400123,1.136158637668745,0.416394
0.0006282973,0.00946082,0.00239853,1.136211608648744,0.429193
0.0006332973,0.00690092,0.00879828,1.1362645796287432,0.422793
0.0006382973,0.00722091,-0.000801352,1.1363175506087422,0.422793
0.0006432973,0.00722091,-0.0487995,1.1363705215887412,0.467592
0.0006482973,0.00722091,-0.0519994,1.1364234925687404,0.422793
0.0006532973,0.00626095,0.0119982,1.1364764635487394,0.416394
0.0006582973,0.00658093,0.00239853,1.136529434528739,0.422793
0.0006632973,0.00594096,-0.00400123,1.1365824055087377,0.435593
0.0006682973,0.00690092,0.0119982,1.1366353764887367,0.422793
0.0006732973,0.004981,-0.0487995,1.136688347468736,0.422793
0.0006782973,0.0101008,0.0055984,1.136741318448735,0.409994
0.0006832973,0.00306107,-0.0168007,1.1367942894287342,0.416394
0.0006882973,0.00882085,0.0183979,1.1368472604087332,0.416394
0.0006932973,0.00402103,-0.00720111,1.1369002313887324,0.429193
0.0006982973,0.00658093,0.0343973,1.1369532023687314,0.416394
0.0007032973,0.00658093,0.00239853,1.1370061733487304,0.429193
0.0007082973,0.00466101,-0.0328001,1.1370591443287297,0.422793
0.0007132973,0.0075409,-0.010401,1.137112115308729,0.429193
0.0007182973,0.00018118,0.0183979,1.137165086288728,0.435593
0.0007232973,0.00626095,0.0279975,1.137218057268727,0.416394
0.0007282973,0.00146113,-0.036,1.137271028248726,0.422793
0.0007332973,0.00722091,-0.0200006,1.1373239992287252,0.422793
0.0007382973,0.00466101,-0.0200006,1.1373769702087242,0.422793
0.0007432973,0.00530098,0.0279975,1.1374299411887234,0.416394
0.0007482973,0.004981,-0.00720111,1.1374829121687224,0.422793
0.0007532973,0.00370104,-0.0232005,1.1375358831487217,0.422793
0.0007582973,0.00594096,0.0279975,1.137588854128721,0.422793
0.0007632973,0.00338106,0.00239853,1.1376418251087197,0.429193
0.0007682973,0.00562097,-0.000801352,1.137694796088719,0.429193
0.0007732973,0.00274108,0.00879828,1.137747767068718,0.416394
0.0007782973,0.00530098,0.0215978,1.1378007380487172,0.422793
0.0007832973,0.00434102,0.00879828,1.1378537090287162,0.429193
0.0007882973,0.00402103,0.0247977,1.1379066800087152,0.422793
0.0007932973,0.00402103,0.0119982,1.1379596509887144,0.416394
0.0007982973,0.00466101,-0.00720111,1.1380126219687134,0.429193
0.0008032973,0.00210111,-0.0264004,1.138065592948713,0.416394
0.0008082973,0.004981,-0.0232005,1.1381185639287117,0.429193
0.0008132973,0.00370104,-0.000801352,1.138171534908711,0.409994
0.0008182973,0.00306107,0.0183979,1.13822450588871,0.422793
0.0008232973,0.00434102,0.00239853,1.138277476868709,0.429193
0.0008282973,0.00306107,0.0247977,1.1383304478487082,0.435593
0.0008332973,0.00466101,-0.000801352,1.1383834188287072,0.416394
0.0008382973,0.00338106,0.00879828,1.1384363898087064,0.422793
0.0008432973,0.00466101,0.015198,1.1384893607887054,0.416394
0.0008482973,0.00242109,-0.00720111,1.1385423317687045,0.416394
0.0008532973,0.00402103,-0.00720111,1.1385953027487037,0.422793
0.0008582973,0.00274108,-0.0136009,1.1386482737287027,0.429193
0.0008632973,0.00434102,0.00879828,1.138701244708702,0.416394
0.0008682973,0.00338106,-0.0328001,1.138754215688701,0.422793
0.0008732973,0.00274108,0.00239853,1.1388071866687002,0.429193
0.0008782973,0.00370104,0.00239853,1.1388601576486992,0.429193
0.0008832973,0.00274108,-0.010401,1.1389131286286982,0.422793
0.0008882973,0.00434102,0.015198,1.1389660996086974,0.422793
0.0008932973,0.00274108,0.0055984,1.1390190705886964,0.429193
0.0008982973,0.00434102,0.00879828,1.1390720415686957,0.422793
0.0009032973,0.00306107,0.015198,1.1391250125486947,0.416394
0.0009082973,0.00402103,0.0119982,1.1391779835286937,0.429193
0.0009132973,0.00306107,0.00239853,1.139230954508693,0.422793
0.0009182973,0.00338106,0.00879828,1.139283925488692,0.422793
0.0009232973,0.00242109,-0.0232005,1.1393368964686912,0.416394
0.0009282973,0.00210111,-0.0136009,1.1393898674486902,0.422793
0.0009332973,0.00338106,0.0119982,1.1394428384286894,0.429193
0.0009382973,0.00242109,-0.0200006,1.1394958094086884,0.422793
0.0009432973,0.00402103,-0.0136009,1.1395487803886877,0.416394
0.0009482973,0.00242109,0.0119982,1.139601751368687,0.422793
0.0009532973,0.00402103,0.0055984,1.1396547223486857,0.422793
0.0009582973,0.00210111,0.00239853,1.139707693328685,0.422793
0.0009632973,0.00274108,0.00879828,1.139760664308684,0.416394
0.0009682973,0.00242109,-0.00720111,1.139813635288683,0.416394
0.0009732973,0.00274108,-0.00400123,1.1398666062686822,0.422793
0.0009782973,0.00274108,0.00879828,1.1399195772486812,0.416394
0.0009832973,0.00178112,-0.00400123,1.1399725482286804,0.409994
0.0009882973,0.00274108,0.0119982,1.1400255192086794,0.429193
0.0009932973,0.00210111,0.00239853,1.140078490188679,0.416394
0.0009982973,0.00306107,0.015198,1.1401314611686777,0.422793
0.001003297,0.00242109,0.0183979,1.140184428970418,0.429193
0.001008297,0.00274108,-0.000801352,1.1402373999504172,0.429193
0.001013297,0.00114114,0.00879828,1.1402903709304162,0.416394
0.001018297,0.00114114,0.00879828,1.1403433419104152,0.429193
0.001023297,0.00242109,0.0183979,1.1403963128904144,0.422793
0.001028297,0.00146113,-0.0200006,1.1404492838704134,0.416394
0.001033297,0.00178112,-0.000801352,1.140502254850413,0.422793
0.001038297,0.00370104,0.00879828,1.1405552258304117,0.422793
0.001043297,0.00178112,-0.00720111,1.140608196810411,0.416394
0.001048297,0.00306107,-0.000801352,1.14066116779041,0.429193
0.001053297,0.00146113,0.00239853,1.140714138770409,0.422793
0.001058297,0.00306107,0.00879828,1.1407671097504082,0.429193
0.001063297,0.00210111,-0.0232005,1.1408200807304072,0.429193
0.001068297,0.00274108,-0.00720111,1.1408730517104064,0.429193
0.001073297,0.00274108,-0.0136009,1.1409260226904054,0.422793
0.001078297,0.00242109,-0.010401,1.1409789936704045,0.416394
0.001083297,0.00306107,-0.00400123,1.1410319646504037,0.422793
0.001088297,0.00178112,-0.0232005,1.1410849356304027,0.416394
0.001093297,0.00306107,-0.0168007,1.141137906610402,0.422793
0.001098297,0.00210111,-0.00400123,1.141190877590401,0.422793
0.001103297,0.00338106,-0.00720111,1.1412438485704002,0.416394
0.001108297,0.00146113,-0.00400123,1.1412968195503992,0.416394
0.001113297,0.00242109,-0.00400123,1.1413497905303982,0.429193
0.001118297,0.00210111,-0.0200006,1.1414027615103974,0.422793
0.001123297,0.00210111,-0.0136009,1.1414557324903964,0.416394
0.001128297,0.00178112,-0.000801352,1.1415087034703957,0.422793
0.001133297,0.00210111,-0.0168007,1.1415616744503947,0.416394
0.001138297,0.000821155,-0.0200006,1.1416146454303937,0.435593
0.001143297,0.00242109,-0.036,1.141667616410393,0.422793
0.001148297,0.00178112,-0.0296002,1.141720587390392,0.416394
0.001153297,0.00242109,-0.0168007,1.1417735583703912,0.422793
0.001158297,0.00146113,-0.0168007,1.1418265293503902,0.429193
0.001163297,0.00114114,0.0055984,1.1418795003303894,0.422793
0.001168297,0.00242109,0.00239853,1.1419324713103884,0.422793
0.001173297,0.00146113,-0.000801352,1.1419854422903877,0.429193
0.001178297,0.00210111,-0.0296002,1.142038413270387,0.422793
0.001183297,0.00114114,-0.0136009,1.1420913842503857,0.422793
0.001188297,0.00242109,0.0055984,1.142144355230385,0.422793
0.001193297,0.00146113,-0.00720111,1.142197326210384,0.422793
0.001198297,0.00306107,0.00239853,1.142250297190383,0.422793
0.001203297,0.00178112,-0.010401,1.1423032681703822,0.416394
0.001208297,0.00146113,-0.0264004,1.1423562391503812,0.416394
0.001213297,0.00210111,-0.0168007,1.1424092101303804,0.416394
0.001218297,0.00178112,-0.000801352,1.1424621811103794,0.422793
0.001223297,0.00210111,-0.0200006,1.142515152090379,0.422793
0.001228297,0.00146113,0.00879828,1.1425681230703777,0.422793
0.001233297,0.00242109,-0.0328001,1.1426210940503767,0.422793
0.001238297,0.000821155,-0.010401,1.142674065030376,0.416394
0.001243297,0.00178112,-0.000801352,1.142727036010375,0.422793
0.001248297,0.00274108,-0.0136009,1.1427800069903742,0.422793
0.001253297,0.00146113,-0.00720111,1.1428329779703732,0.422793
0.001258297,0.00210111,-0.0296002,1.1428859489503722,0.422793
0.001263297,0.00114114,-0.0136009,1.1429389199303714,0.429193
0.001268297,0.00210111,-0.00720111,1.1429918909103705,0.422793
0.001273297,0.00018118,-0.0200006,1.1430448618903697,0.429193
0.001278297,0.00210111,-0.0391999,1.1430978328703687,0.422793
0.001283297,0.00338106,0.0119982,1.143150803850368,0.422793
0.001288297,0.00178112,-0.00720111,1.143203774830367,0.422793
0.001293297,0.00210111,-0.00400123,1.143256745810366,0.422793
0.001298297,0.00114114,-0.0519994,1.1433097167903652,0.422793
0.001303297,0.00210111,-0.010401,1.1433626877703642,0.429193
0.001308297,0.000821155,-0.0168007,1.1434156587503634,0.422793
0.001313297,0.00274108,0.00879828,1.1434686297303625,0.416394
0.001318297,0.00178112,-0.0136009,1.1435216007103617,0.422793
0.001323297,0.00210111,-0.000801352,1.1435745716903607,0.435593
0.001328297,0.00146113,-0.036,1.1436275426703597,0.422793
0.001333297,0.00242109,-0.0200006,1.143680513650359,0.422793
0.001338297,0.00146113,-0.0551993,1.143733484630358,0.429193
0.001343297,0.000501167,0.0119982,1.1437864556103572,0.422793
0.001348297,0.00178112,-0.036,1.1438394265903562,0.416394
0.001353297,0.000821155,-0.00720111,1.1438923975703552,0.429193
0.001358297,0.00210111,-0.0711986,1.1439453685503544,0.422793
0.001363297,0.000501167,-0.0391999,1.1439983395303537,0.422793
0.001368297,0.00210111,-0.010401,1.1440513105103527,0.416394
0.001373297,0.00178112,-0.0200006,1.1441042814903517,0.422793
0.001378297,0.00178112,-0.036,1.1441572524703507,0.409994
0.001383297,0.00274108,-0.0296002,1.14421022345035,0.441993
0.001388297,0.00114114,-0.036,1.144263194430349,0.416394
0.001393297,0.00210111,-0.0328001,1.1443161654103482,0.416394
0.001398297,0.000821155,-0.0200006,1.1443691363903472,0.429193
0.001403297,0.00114114,0.00239853,1.1444221073703464,0.416394
0.001408297,0.00146113,-0.00720111,1.1444750783503457,0.429193
0.001413297,0.00178112,-0.0136009,1.1445280493303445,0.429193
0.001418297,0.00178112,-0.036,1.1445810203103437,0.416394
0.001423297,0.00210111,-0.010401,1.1446339912903427,0.422793
0.001428297,0.00114114,-0.0232005,1.144686962270342,0.422793
0.001433297,0.00114114,-0.036,1.144739933250341,0.416394
0.001438297,0.000821155,-0.0200006,1.14479290423034,0.416394
0.001443297,0.00306107,-0.0136009,1.1448458752103392,0.416394
0.001448297,0.000501167,-0.0168007,1.1448988461903382,0.429193
0.001453297,0.00114114,-0.000801352,1.1449518171703374,0.422793
0.001458297,0.00178112,-0.0296002,1.1450047881503365,0.429193
0.001463297,0.000821155,-0.0168007,1.1450577591303357,0.416394
0.001468297,0.00338106,-0.036,1.1451107301103347,0.429193
0.001473297,0.00146113,-0.0200006,1.1451637010903335,0.422793
0.001478297,0.00178112,-0.010401,1.145216672070333,0.422793
0.001483297,0.00178112,-0.0423998,1.145269643050332,0.422793
0.001488297,0.00178112,-0.0232005,1.1453226140303312,0.416394
0.001493297,0.00146113,-0.0264004,1.1453755850103302,0.409994
0.001498297,0.00178112,-0.0487995,1.1454285559903292,0.416394
0.001503297,0.00242109,-0.0264004,1.1454815269703285,0.416394
0.001508297,0.00114114,-0.0328001,1.1455344979503277,0.422793
0.001513297,0.00242109,-0.0232005,1.1455874689303267,0.422793
0.001518297,0.00178112,-0.00720111,1.1456404399103255,0.422793
0.001523297,0.00178112,-0.0296002,1.145693410890325,0.422793
0.001528297,0.00242109,-0.036,1.145746381870324,0.429193
0.001533297,0.000821155,-0.00720111,1.145799352850323,0.422793
0.001538297,0.00274108,0.00239853,1.1458523238303222,0.422793
0.001543297,0.00114114,-0.0328001,1.1459052948103212,0.422793
0.001548297,0.00178112,0.0119982,1.1459582657903205,0.416394
0.001553297,0.00114114,-0.0232005,1.1460112367703197,0.422793
0.001558297,0.00210111,-0.0136009,1.1460642077503185,0.429193
0.001563297,0.00146113,-0.010401,1.1461171787303177,0.422793
0.001568297,0.00146113,-0.00400123,1.1461701497103167,0.416394
0.001573297,0.00210111,-0.00720111,1.146223120690316,0.422793
0.001578297,0.00018118,-0.000801352,1.146276091670315,0.422793
0.001583297,0.00178112,0.00239853,1.146329062650314,0.429193
0.001588297,0.00274108,-0.0328001,1.1463820336303132,0.422793
0.001593297,0.000821155,-0.0328001,1.1464350046103122,0.422793
0.001598297,0.00370104,-0.0136009,1.1464879755903117,0.416394
0.001603297,0.00018118,-0.000801352,1.1465409465703105,0.429193
0.001608297,0.00274108,-0.0200006,1.1465939175503097,0.435593
0.001613297,0.00018118,-0.0200006,1.1466468885303087,0.422793
0.001618297,0.00242109,-0.0200006,1.1466998595103075,0.429193
0.001623297,0.000501167,-0.0168007,1.146752830490307,0.422793
0.001628297,0.00178112,0.00879828,1.146805801470306,0.416394
0.001633297,0.00210111,-0.010401,1.1468587724503052,0.429193
0.001638297,0.00146113,-0.0200006,1.1469117434303042,0.429193
0.001643297,0.00178112,0.015198,1.1469647144103037,0.416394
0.001648297,0.00178112,-0.0136009,1.1470176853903025,0.422793
0.001653297,0.00242109,0.0055984,1.1470706563703017,0.429193
0.001658297,0.00114114,-0.0264004,1.1471236273503007,0.429193
0.001663297,0.00242109,-0.0232005,1.1471765983302995,0.422793
0.001668297,0.00146113,-0.00720111,1.147229569310299,0.422793
0.001673297,0.00274108,-0.000801352,1.147282540290298,0.422793
0.001678297,0.00178112,0.00879828,1.147335511270297,0.435593
0.001683297,0.00178112,-0.00400123,1.1473884822502962,0.416394
0.001688297,0.00178112,0.0055984,1.1474414532302952,0.422793
0.001693297,0.00146113,0.00239853,1.1474944242102945,0.416394
0.001698297,0.00274108,0.00879828,1.1475473951902937,0.422793
0.001703297,0.000821155,0.0119982,1.1476003661702925,0.422793
0.001708297,0.000821155,0.00879828,1.1476533371502915,0.416394
0.001713297,0.00210111,0.00239853,1.1477063081302907,0.422793
0.001718297,0.000821155,0.0119982,1.14775927911029,0.422793
0.001723297,0.00210111,0.00879828,1.147812250090289,0.429193
0.001728297,0.00178112,-0.0200006,1.1478652210702882,0.422793
0.001733297,0.00146113,0.00879828,1.1479181920502872,0.422793
0.001738297,0.00146113,-0.0168007,1.1479711630302862,0.416394
0.001743297,0.00114114,-0.00720111,1.1480241340102857,0.429193
0.001748297,0.000821155,0.00879828,1.1480771049902845,0.422793
0.001753297,0.00114114,0.0279975,1.1481300759702835,0.429193
0.001758297,0.00210111,-0.00400123,1.1481830469502827,0.422793
0.001763297,0.00114114,-0.010401,1.148236017930282,0.422793
0.001768297,0.00210111,0.015198,1.148288988910281,0.422793
0.001773297,0.00146113,-0.000801352,1.14834195989028,0.416394
0.001778297,0.00114114,0.00239853,1.1483949308702792,0.416394
0.001783297,0.00178112,-0.00720111,1.1484479018502782,0.422793
0.001788297,0.000821155,-0.010401,1.1485008728302777,0.429193
0.001793297,0.00114114,0.0119982,1.1485538438102765,0.422793
0.001798297,0.000821155,0.0375972,1.1486068147902757,0.429193
0.001803297,0.00210111,0.0119982,1.1486597857702747,0.416394
0.001808297,0.00114114,-0.0264004,1.1487127567502735,0.422793
0.001813297,0.00210111,-0.010401,1.148765727730273,0.422793
0.001818297,0.00146113,0.00879828,1.148818698710272,0.422793
0.001823297,0.00114114,0.00879828,1.148871669690271,0.422793
0.001828297,0.00210111,0.0215978,1.1489246406702702,0.422793
0.001833297,0.00114114,0.0183979,1.1489776116502692,0.422793
0.001838297,0.00114114,-0.00720111,1.1490305826302685,0.416394
0.001843297,0.000501167,0.0119982,1.1490835536102677,0.429193
0.001848297,0.00146113,0.015198,1.1491365245902667,0.422793
0.001853297,0.00114114,0.0247977,1.1491894955702655,0.422793
0.001858297,0.00178112,-0.010401,1.1492424665502647,0.416394
0.001863297,0.00178112,-0.00400123,1.149295437530264,0.429193
0.001868297,0.00114114,0.0183979,1.149348408510263,0.416394
0.001873297,0.00178112,0.0215978,1.1494013794902622,0.422793
0.001878297,0.00114114,-0.00400123,1.1494543504702612,0.416394
0.001883297,0.00146113,0.0215978,1.1495073214502602,0.422793
0.001888297,0.00178112,0.015198,1.1495602924302597,0.435593
0.001893297,-0.000458796,0.0183979,1.1496132634102585,0.416394
0.001898297,0.00146113,0.00879828,1.1496662343902575,0.416394
0.001903297,0.000821155,0.0119982,1.1497192053702567,0.429193
0.001908297,0.00146113,0.015198,1.149772176350256,0.422793
0.001913297,0.00114114,0.0055984,1.149825147330255,0.422793
0.001918297,0.000501167,-0.000801352,1.149878118310254,0.422793
0.001923297,0.000501167,0.015198,1.1499310892902532,0.422793
0.001928297,0.000501167,0.0279975,1.1499840602702522,0.422793
